{"0":["232","59",{"id":"100","in":{"allocated":false,"size":6.50587647943488},"out":{"allocated":false,"size":16.763457115332557}}],"1":["63","155",{"id":"101","in":{"allocated":false,"size":9.13562471576319},"out":{"allocated":false,"size":5.670052686940938}}],"2":["129","27",{"id":"102","in":{"allocated":false,"size":28.829376643741252},"out":{"allocated":false,"size":11.27472748511302}}],"3":["84","217",{"id":"103","in":{"allocated":false,"size":15.827668148133506},"out":{"allocated":false,"size":19.169711094559332}}],"4":["111","132",{"id":"104","in":{"allocated":false,"size":8.364411150519752},"out":{"allocated":false,"size":13.241751799815916}}],"5":["48","236",{"id":"105","in":{"allocated":false,"size":11.484885691884667},"out":{"allocated":false,"size":6.512096539940274}}],"6":["242","35",{"id":"106","in":{"allocated":false,"size":24.130713102429148},"out":{"allocated":false,"size":14.046644546151887}}],"7":["131","200",{"id":"107","in":{"allocated":false,"size":8.090844557984841},"out":{"allocated":false,"size":10.756756036206523}}]}