{"0":["89","243",{"id":"100","in":{"allocated":false,"size":11.075420637105143},"out":{"allocated":false,"size":14.653192733872654}}]}