{"11":["227","229",{"id":"1011","in":{"allocated":false,"size":18.401636773403077},"out":{"allocated":false,"size":0.07314881399463902}}],"12":["168","255",{"id":"1012","in":{"allocated":false,"size":22.11050354979154},"out":{"allocated":false,"size":25.194456879361006}}],"13":["181","108",{"id":"1013","in":{"allocated":false,"size":25.116289176330437},"out":{"allocated":false,"size":4.719889315626087}}],"14":["213","63",{"id":"1014","in":{"allocated":false,"size":29.62997604478287},"out":{"allocated":false,"size":23.28008298841082}}],"15":["174","118",{"id":"1015","in":{"allocated":false,"size":1.1145009525314709},"out":{"allocated":false,"size":4.954130314363137}}],"0":["119","135",{"id":"100","in":{"allocated":false,"size":20.259684242572625},"out":{"allocated":false,"size":17.957140373819488}}],"1":["185","190",{"id":"101","in":{"allocated":false,"size":3.018731023088017},"out":{"allocated":false,"size":10.271201230454228}}],"2":["237","189",{"id":"102","in":{"allocated":false,"size":29.534123748622854},"out":{"allocated":false,"size":3.664322569822709}}],"3":["170","204",{"id":"103","in":{"allocated":false,"size":9.523334144925133},"out":{"allocated":false,"size":22.744516347763938}}],"4":["38","102",{"id":"104","in":{"allocated":false,"size":17.49990372193906},"out":{"allocated":false,"size":1.7096957602185903}}],"5":["221","96",{"id":"105","in":{"allocated":false,"size":23.79326942129519},"out":{"allocated":false,"size":26.093767902114454}}],"6":["175","39",{"id":"106","in":{"allocated":false,"size":22.83472712148745},"out":{"allocated":false,"size":18.45212532714057}}],"7":["179","217",{"id":"107","in":{"allocated":false,"size":23.978119369885935},"out":{"allocated":false,"size":10.006680652635195}}],"8":["17","55",{"id":"108","in":{"allocated":false,"size":21.15449168647258},"out":{"allocated":false,"size":9.56707923836667}}],"9":["232","14",{"id":"109","in":{"allocated":false,"size":23.346939492299228},"out":{"allocated":false,"size":3.7830417922625035}}],"10":["148","135",{"id":"1010","in":{"allocated":false,"size":9.261528364969426},"out":{"allocated":false,"size":6.245492589857222}}]}