{"0":["208","105",{"id":"100","in":{"allocated":false,"size":26.654846045506513},"out":{"allocated":false,"size":10.283863265901779}}],"1":["248","153",{"id":"101","in":{"allocated":false,"size":3.9379677288330903},"out":{"allocated":false,"size":11.40732765614662}}]}