{"0":["22","168",{"id":"100","in":{"allocated":false,"size":29.009241820784432},"out":{"allocated":false,"size":26.628429187166667}}],"1":["99","195",{"id":"101","in":{"allocated":false,"size":12.025061000651881},"out":{"allocated":false,"size":28.497233465160335}}],"2":["188","168",{"id":"102","in":{"allocated":false,"size":4.941257447442653},"out":{"allocated":false,"size":26.16728748485262}}],"3":["52","109",{"id":"103","in":{"allocated":false,"size":1.0199438113895432},"out":{"allocated":false,"size":21.39499008727619}}]}