{"0":["41","23",{"id":"100","in":{"allocated":false,"size":28.280813306396432},"out":{"allocated":false,"size":17.74021171217128}}],"1":["62","24",{"id":"101","in":{"allocated":false,"size":14.049871947635573},"out":{"allocated":false,"size":6.371148751146602}}],"2":["56","40",{"id":"102","in":{"allocated":false,"size":29.58507133952638},"out":{"allocated":false,"size":29.96645487748686}}],"3":["13","57",{"id":"103","in":{"allocated":false,"size":15.933925470815689},"out":{"allocated":false,"size":15.923227231303619}}],"4":["35","47",{"id":"104","in":{"allocated":false,"size":10.048924736031214},"out":{"allocated":false,"size":19.12081106167348}}],"5":["38","37",{"id":"105","in":{"allocated":false,"size":0.00952930194177859},"out":{"allocated":false,"size":2.004267925288991}}],"6":["53","22",{"id":"106","in":{"allocated":false,"size":7.683022451676561},"out":{"allocated":false,"size":19.484192344673847}}],"7":["33","57",{"id":"107","in":{"allocated":false,"size":28.215029381630394},"out":{"allocated":false,"size":16.961384369932606}}]}