{"0":["33","4",{"id":"100","in":{"allocated":false,"size":19.00653258336944},"out":{"allocated":false,"size":12.205460541190355}}]}