{"11":["26","40",{"id":"1011","in":{"allocated":false,"size":22.33043970664467},"out":{"allocated":false,"size":6.339202413909241}}],"12":["2","25",{"id":"1012","in":{"allocated":false,"size":15.312773859065437},"out":{"allocated":false,"size":3.71309838471379}}],"13":["3","44",{"id":"1013","in":{"allocated":false,"size":29.06051838959694},"out":{"allocated":false,"size":18.31109413789072}}],"14":["59","13",{"id":"1014","in":{"allocated":false,"size":23.752008228422632},"out":{"allocated":false,"size":25.233187420400963}}],"15":["37","33",{"id":"1015","in":{"allocated":false,"size":18.593961451143997},"out":{"allocated":false,"size":20.330704059315043}}],"0":["56","18",{"id":"100","in":{"allocated":false,"size":28.48892044452457},"out":{"allocated":false,"size":10.970060958402897}}],"1":["15","42",{"id":"101","in":{"allocated":false,"size":28.853759322288752},"out":{"allocated":false,"size":3.798472087895004}}],"2":["49","60",{"id":"102","in":{"allocated":false,"size":20.746135608587753},"out":{"allocated":false,"size":16.928901591367097}}],"3":["20","34",{"id":"103","in":{"allocated":false,"size":20.413738243850858},"out":{"allocated":false,"size":26.728756602171796}}],"4":["52","10",{"id":"104","in":{"allocated":false,"size":21.85409798446282},"out":{"allocated":false,"size":13.757475153992985}}],"5":["54","63",{"id":"105","in":{"allocated":false,"size":25.283243781182385},"out":{"allocated":false,"size":22.67254675608972}}],"6":["13","28",{"id":"106","in":{"allocated":false,"size":17.277219140892047},"out":{"allocated":false,"size":29.828901369747307}}],"7":["7","61",{"id":"107","in":{"allocated":false,"size":28.52505437683072},"out":{"allocated":false,"size":28.91464389340345}}],"8":["59","45",{"id":"108","in":{"allocated":false,"size":2.6315745483752426},"out":{"allocated":false,"size":20.438290656581074}}],"9":["37","22",{"id":"109","in":{"allocated":false,"size":6.596634483149063},"out":{"allocated":false,"size":20.245522049188963}}],"10":["48","60",{"id":"1010","in":{"allocated":false,"size":25.177498214335195},"out":{"allocated":false,"size":21.93005796631184}}]}