{"0":["46","45",{"id":"100","in":{"allocated":false,"size":24.9715576078287},"out":{"allocated":false,"size":20.21550621955991}}],"1":["6","20",{"id":"101","in":{"allocated":false,"size":20.448760958745627},"out":{"allocated":false,"size":7.684578702625999}}]}